No.,Channel Name,Receive Frequency,Transmit Frequency,Channel Type,Transmit Power,Band Width,CTCSS/DCS Decode,CTCSS/DCS Encode,Contact,Contact Call Type,Radio ID,Busy Lock/TX Permit,Squelch Mode,Optional Signal,DTMF ID,2Tone ID,5Tone ID,PTT ID,Color Code,Slot,Scan List,Receive Group List,TX Prohibit,Reverse,Simplex TDMA,TDMA Adaptive,AES Encryption,Digital Encryption,Call Confirmation,Talk Around,Work Alone,Custom CTCSS,2TONE Decode,Ranging,Through Mode,Digi APRS RX,Analog APRS PTT Mode,Digital APRS PTT Mode,APRS Report Type,Digital APRS Report Channel,Correct Frequency[Hz],SMS Confirmation,DMR MODE,Exclude channel from roaming
,Simplex (2m),146.520,146.520,A-Analog,High,12.5K,Off,Off,Contact1,Group Call,My Radio,Off,Carrier,Off,1,1,1,Off,1,1,None,None,Off,Off,Off,Off,Normal Encryption,Off,Off,Off,Off,131.8,1,Off,Off,Off,Off,Off,Off,1,0,Off,0,0
,Simplex (70cm),446.000,446.000,A-Analog,High,12.5K,Off,Off,Contact1,Group Call,My Radio,Off,Carrier,Off,1,1,1,Off,1,1,None,None,Off,Off,Off,Off,Normal Encryption,Off,Off,Off,Off,131.8,1,Off,Off,Off,Off,Off,Off,1,0,Off,0,0
,DEFCON (2m),146.580,146.580,A-Analog,High,12.5K,Off,Off,Contact1,Group Call,My Radio,Off,Carrier,Off,1,1,1,Off,1,1,None,None,Off,Off,Off,Off,Normal Encryption,Off,Off,Off,Off,131.8,1,Off,Off,Off,Off,Off,Off,1,0,Off,0,0
,W3PVI (2m),145.270,144.670,D-Digital,High,12.5K,Off,Off,Contact1,Group Call,My Radio,Off,Carrier,Off,1,1,1,Off,1,1,None,None,Off,Off,Off,Off,Normal Encryption,Off,Off,Off,Off,131.8,1,Off,Off,Off,Off,Off,Off,1,0,Off,0,0
,KD3WT (2m),145.410,144.810,A-Analog,High,12.5K,127.3,88.5,Contact1,Group Call,My Radio,Off,Carrier,Off,1,1,1,Off,1,1,None,None,Off,Off,Off,Off,Normal Encryption,Off,Off,Off,Off,88.5,1,Off,Off,Off,Off,Off,Off,1,0,Off,0,0
,K3CX (70cm),440.150,445.150,A-Analog,High,12.5K,100.0,88.5,Contact1,Group Call,My Radio,Off,Carrier,Off,1,1,1,Off,1,1,None,None,Off,Off,Off,Off,Normal Encryption,Off,Off,Off,Off,88.5,1,Off,Off,Off,Off,Off,Off,1,0,Off,0,0
,N3KZ (70cm),442.400,447.400,A-Analog,High,12.5K,131.8,131.8,Contact1,Group Call,My Radio,Off,Carrier,Off,1,1,1,Off,1,1,None,None,Off,Off,Off,Off,Normal Encryption,Off,Off,Off,Off,131.8,1,Off,Off,Off,Off,Off,Off,1,0,Off,0,0
,W3SBE (70cm),442.550,447.550,A-Analog,High,12.5K,91.5,91.5,Contact1,Group Call,My Radio,Off,Carrier,Off,1,1,1,Off,1,1,None,None,Off,Off,Off,Off,Normal Encryption,Off,Off,Off,Off,91.5,1,Off,Off,Off,Off,Off,Off,1,0,Off,0,0
,K3TU (70cm),442.800,447.800,A-Analog,High,12.5K,131.8,88.5,Contact1,Group Call,My Radio,Off,Carrier,Off,1,1,1,Off,1,1,None,None,Off,Off,Off,Off,Normal Encryption,Off,Off,Off,Off,88.5,1,Off,Off,Off,Off,Off,Off,1,0,Off,0,0
,KD3WT (70cm),446.875,441.875,A-Analog,High,12.5K,131.8,88.5,Contact1,Group Call,My Radio,Off,Carrier,Off,1,1,1,Off,1,1,None,None,Off,Off,Off,Off,Normal Encryption,Off,Off,Off,Off,88.5,1,Off,Off,Off,Off,Off,Off,1,0,Off,0,0
,WM3PEN (2m),146.685,146.085,A-Analog,High,12.5K,146.2,146.2,Contact1,Group Call,My Radio,Off,Carrier,Off,1,1,1,Off,1,1,None,None,Off,Off,Off,Off,Normal Encryption,Off,Off,Off,Off,146.2,1,Off,Off,Off,Off,Off,Off,1,0,Off,0,0
,WB3EHB (70cm),444.300,449.300,A-Analog,High,12.5K,131.8,88.5,Contact1,Group Call,My Radio,Off,Carrier,Off,1,1,1,Off,1,1,None,None,Off,Off,Off,Off,Normal Encryption,Off,Off,Off,Off,88.5,1,Off,Off,Off,Off,Off,Off,1,0,Off,0,0
,N2HQX (70cm),448.025,443.025,A-Analog,High,12.5K,131.8,88.5,Contact1,Group Call,My Radio,Off,Carrier,Off,1,1,1,Off,1,1,None,None,Off,Off,Off,Off,Normal Encryption,Off,Off,Off,Off,88.5,1,Off,Off,Off,Off,Off,Off,1,0,Off,0,0
,N3UXQ (70cm),449.975,444.975,A-Analog,High,12.5K,131.8,131.8,Contact1,Group Call,My Radio,Off,Carrier,Off,1,1,1,Off,1,1,None,None,Off,Off,Off,Off,Normal Encryption,Off,Off,Off,Off,131.8,1,Off,Off,Off,Off,Off,Off,1,0,Off,0,0
,NJ2GC (70cm),447.775,442.775,A-Analog,High,12.5K,146.2,88.5,Contact1,Group Call,My Radio,Off,Carrier,Off,1,1,1,Off,1,1,None,None,Off,Off,Off,Off,Normal Encryption,Off,Off,Off,Off,88.5,1,Off,Off,Off,Off,Off,Off,1,0,Off,0,0
,W3UER (2m),147.360,147.960,A-Analog,High,12.5K,131.8,131.8,Contact1,Group Call,My Radio,Off,Carrier,Off,1,1,1,Off,1,1,None,None,Off,Off,Off,Off,Normal Encryption,Off,Off,Off,Off,131.8,1,Off,Off,Off,Off,Off,Off,1,0,Off,0,0
,W3UER (70cm),444.050,449.050,A-Analog,High,12.5K,131.8,131.8,Contact1,Group Call,My Radio,Off,Carrier,Off,1,1,1,Off,1,1,None,None,Off,Off,Off,Off,Normal Encryption,Off,Off,Off,Off,131.8,1,Off,Off,Off,Off,Off,Off,1,0,Off,0,0
,NJ2CH (2m),145.370,144.770,A-Analog,High,12.5K,91.5,91.5,Contact1,Group Call,My Radio,Off,Carrier,Off,1,1,1,Off,1,1,None,None,Off,Off,Off,Off,Normal Encryption,Off,Off,Off,Off,91.5,1,Off,Off,Off,Off,Off,Off,1,0,Off,0,0
,K3RJC (70cm),444.900,449.900,A-Analog,High,12.5K,131.8,88.5,Contact1,Group Call,My Radio,Off,Carrier,Off,1,1,1,Off,1,1,None,None,Off,Off,Off,Off,Normal Encryption,Off,Off,Off,Off,88.5,1,Off,Off,Off,Off,Off,Off,1,0,Off,0,0
,WR3IRS (70cm),440.650,445.650,D-Digital,High,12.5K,Off,Off,Contact1,Group Call,My Radio,Off,Carrier,Off,1,1,1,Off,1,1,None,None,Off,Off,Off,Off,Normal Encryption,Off,Off,Off,Off,131.8,1,Off,Off,Off,Off,Off,Off,1,0,Off,0,0
,W3WAN (70cm),441.700,446.700,A-Analog,High,12.5K,74.4,74.4,Contact1,Group Call,My Radio,Off,Carrier,Off,1,1,1,Off,1,1,None,None,Off,Off,Off,Off,Normal Encryption,Off,Off,Off,Off,74.4,1,Off,Off,Off,Off,Off,Off,1,0,Off,0,0
,W3QV (2m),147.030,147.630,A-Analog,High,12.5K,91.5,91.5,Contact1,Group Call,My Radio,Off,Carrier,Off,1,1,1,Off,1,1,None,None,Off,Off,Off,Off,Normal Encryption,Off,Off,Off,Off,91.5,1,Off,Off,Off,Off,Off,Off,1,0,Off,0,0
,W3QV (70cm),444.800,449.800,A-Analog,High,12.5K,Off,Off,Contact1,Group Call,My Radio,Off,Carrier,Off,1,1,1,Off,1,1,None,None,Off,Off,Off,Off,Normal Encryption,Off,Off,Off,Off,131.8,1,Off,Off,Off,Off,Off,Off,1,0,Off,0,0
,WA2WUN (2m),147.225,147.825,A-Analog,High,12.5K,192.8,192.8,Contact1,Group Call,My Radio,Off,Carrier,Off,1,1,1,Off,1,1,None,None,Off,Off,Off,Off,Normal Encryption,Off,Off,Off,Off,192.8,1,Off,Off,Off,Off,Off,Off,1,0,Off,0,0
,K3PDR (70cm),447.625,442.625,D-Digital,High,12.5K,Off,Off,Contact1,Group Call,My Radio,Off,Carrier,Off,1,1,1,Off,1,1,None,None,Off,Off,Off,Off,Normal Encryption,Off,Off,Off,Off,131.8,1,Off,Off,Off,Off,Off,Off,1,0,Off,0,0
,KB6XN (70cm),445.700,440.700,D-Digital,High,12.5K,Off,Off,Contact1,Group Call,My Radio,Off,Carrier,Off,1,1,1,Off,1,1,None,None,Off,Off,Off,Off,Normal Encryption,Off,Off,Off,Off,131.8,1,Off,Off,Off,Off,Off,Off,1,0,Off,0,0
,WN9ANF (70cm),448.075,443.075,A-Analog,High,12.5K,127.3,88.5,Contact1,Group Call,My Radio,Off,Carrier,Off,1,1,1,Off,1,1,None,None,Off,Off,Off,Off,Normal Encryption,Off,Off,Off,Off,88.5,1,Off,Off,Off,Off,Off,Off,1,0,Off,0,0
,KK7AV (70cm),449.475,444.475,A-Analog,High,12.5K,114.8,88.5,Contact1,Group Call,My Radio,Off,Carrier,Off,1,1,1,Off,1,1,None,None,Off,Off,Off,Off,Normal Encryption,Off,Off,Off,Off,88.5,1,Off,Off,Off,Off,Off,Off,1,0,Off,0,0
,N7ARR (70cm),446.700,441.700,A-Analog,High,12.5K,118.8,88.5,Contact1,Group Call,My Radio,Off,Carrier,Off,1,1,1,Off,1,1,None,None,Off,Off,Off,Off,Normal Encryption,Off,Off,Off,Off,88.5,1,Off,Off,Off,Off,Off,Off,1,0,Off,0,0
,K7UGE (2m),146.940,146.340,A-Analog,High,12.5K,100.0,88.5,Contact1,Group Call,My Radio,Off,Carrier,Off,1,1,1,Off,1,1,None,None,Off,Off,Off,Off,Normal Encryption,Off,Off,Off,Off,88.5,1,Off,Off,Off,Off,Off,Off,1,0,Off,0,0
,KE7ZHN (2m),145.460,144.860,A-Analog,High,12.5K,100.0,88.5,Contact1,Group Call,My Radio,Off,Carrier,Off,1,1,1,Off,1,1,None,None,Off,Off,Off,Off,Normal Encryption,Off,Off,Off,Off,88.5,1,Off,Off,Off,Off,Off,Off,1,0,Off,0,0
,WO3B (70cm),449.450,444.450,A-Analog,High,12.5K,100.0,88.5,Contact1,Group Call,My Radio,Off,Carrier,Off,1,1,1,Off,1,1,None,None,Off,Off,Off,Off,Normal Encryption,Off,Off,Off,Off,88.5,1,Off,Off,Off,Off,Off,Off,1,0,Off,0,0
,KC7DB (2m),147.270,147.870,A-Analog,High,12.5K,100.0,88.5,Contact1,Group Call,My Radio,Off,Carrier,Off,1,1,1,Off,1,1,None,None,Off,Off,Off,Off,Normal Encryption,Off,Off,Off,Off,88.5,1,Off,Off,Off,Off,Off,Off,1,0,Off,0,0
,KE7CCH (70cm),449.600,444.600,A-Analog,High,12.5K,107.2,107.2,Contact1,Group Call,My Radio,Off,Carrier,Off,1,1,1,Off,1,1,None,None,Off,Off,Off,Off,Normal Encryption,Off,Off,Off,Off,107.2,1,Off,Off,Off,Off,Off,Off,1,0,Off,0,0
,K7AC (70cm),447.600,442.600,A-Analog,High,12.5K,Off,Off,Contact1,Group Call,My Radio,Off,Carrier,Off,1,1,1,Off,1,1,None,None,Off,Off,Off,Off,Normal Encryption,Off,Off,Off,Off,131.8,1,Off,Off,Off,Off,Off,Off,1,0,Off,0,0
,N8NDI (70cm),448.250,443.250,A-Analog,High,12.5K,Off,Off,Contact1,Group Call,My Radio,Off,Carrier,Off,1,1,1,Off,1,1,None,None,Off,Off,Off,Off,Normal Encryption,Off,Off,Off,Off,131.8,1,Off,Off,Off,Off,Off,Off,1,0,Off,0,0
,N8DBM (70cm),448.675,443.675,A-Analog,High,12.5K,77.0,88.5,Contact1,Group Call,My Radio,Off,Carrier,Off,1,1,1,Off,1,1,None,None,Off,Off,Off,Off,Normal Encryption,Off,Off,Off,Off,88.5,1,Off,Off,Off,Off,Off,Off,1,0,Off,0,0
,WH6CYB (70cm),448.775,443.775,A-Analog,High,12.5K,77.0,88.5,Contact1,Group Call,My Radio,Off,Carrier,Off,1,1,1,Off,1,1,None,None,Off,Off,Off,Off,Normal Encryption,Off,Off,Off,Off,88.5,1,Off,Off,Off,Off,Off,Off,1,0,Off,0,0
,N7RMK (70cm),446.875,441.875,A-Analog,High,12.5K,114.8,114.8,Contact1,Group Call,My Radio,Off,Carrier,Off,1,1,1,Off,1,1,None,None,Off,Off,Off,Off,Normal Encryption,Off,Off,Off,Off,114.8,1,Off,Off,Off,Off,Off,Off,1,0,Off,0,0
,N7ARR (2m),147.000,146.400,A-Analog,High,12.5K,123.0,88.5,Contact1,Group Call,My Radio,Off,Carrier,Off,1,1,1,Off,1,1,None,None,Off,Off,Off,Off,Normal Encryption,Off,Off,Off,Off,88.5,1,Off,Off,Off,Off,Off,Off,1,0,Off,0,0
,KG7SS (70cm),447.300,442.300,D-Digital,High,12.5K,100.0,100.0,Contact1,Group Call,My Radio,Off,Carrier,Off,1,1,1,Off,1,1,None,None,Off,Off,Off,Off,Normal Encryption,Off,Off,Off,Off,100.0,1,Off,Off,Off,Off,Off,Off,1,0,Off,0,0
,N7ARR (70cm),446.450,441.450,D-Digital,High,12.5K,Off,Off,Contact1,Group Call,My Radio,Off,Carrier,Off,1,1,1,Off,1,1,None,None,Off,Off,Off,Off,Normal Encryption,Off,Off,Off,Off,131.8,1,Off,Off,Off,Off,Off,Off,1,0,Off,0,0
,WB9STH (70cm),448.450,443.450,A-Analog,High,12.5K,Off,Off,Contact1,Group Call,My Radio,Off,Carrier,Off,1,1,1,Off,1,1,None,None,Off,Off,Off,Off,Normal Encryption,Off,Off,Off,Off,131.8,1,Off,Off,Off,Off,Off,Off,1,0,Off,0,0
,N4NJJ (70cm),445.975,440.975,A-Analog,High,12.5K,107.2,107.2,Contact1,Group Call,My Radio,Off,Carrier,Off,1,1,1,Off,1,1,None,None,Off,Off,Off,Off,Normal Encryption,Off,Off,Off,Off,107.2,1,Off,Off,Off,Off,Off,Off,1,0,Off,0,0
,W7JCA (70cm),445.875,440.875,A-Analog,High,12.5K,100.0,100.0,Contact1,Group Call,My Radio,Off,Carrier,Off,1,1,1,Off,1,1,None,None,Off,Off,Off,Off,Normal Encryption,Off,Off,Off,Off,100.0,1,Off,Off,Off,Off,Off,Off,1,0,Off,0,0
,K7IZA (70cm),448.900,443.900,A-Analog,High,12.5K,100.0,88.5,Contact1,Group Call,My Radio,Off,Carrier,Off,1,1,1,Off,1,1,None,None,Off,Off,Off,Off,Normal Encryption,Off,Off,Off,Off,88.5,1,Off,Off,Off,Off,Off,Off,1,0,Off,0,0
,W7AOR (70cm),449.725,444.725,A-Analog,High,12.5K,97.4,88.5,Contact1,Group Call,My Radio,Off,Carrier,Off,1,1,1,Off,1,1,None,None,Off,Off,Off,Off,Normal Encryption,Off,Off,Off,Off,88.5,1,Off,Off,Off,Off,Off,Off,1,0,Off,0,0
,WA7CYC (70cm),449.675,444.675,A-Analog,High,12.5K,192.8,88.5,Contact1,Group Call,My Radio,Off,Carrier,Off,1,1,1,Off,1,1,None,None,Off,Off,Off,Off,Normal Encryption,Off,Off,Off,Off,88.5,1,Off,Off,Off,Off,Off,Off,1,0,Off,0,0
,K6INC (2m),146.820,146.220,A-Analog,High,12.5K,123.0,88.5,Contact1,Group Call,My Radio,Off,Carrier,Off,1,1,1,Off,1,1,None,None,Off,Off,Off,Off,Normal Encryption,Off,Off,Off,Off,88.5,1,Off,Off,Off,Off,Off,Off,1,0,Off,0,0
,W6OTX (2m),144.963,147.463,D-Digital,High,12.5K,Off,Off,Contact1,Group Call,My Radio,Off,Carrier,Off,1,1,1,Off,1,1,None,None,Off,Off,Off,Off,Normal Encryption,Off,Off,Off,Off,131.8,1,Off,Off,Off,Off,Off,Off,1,0,Off,0,0
,W6OTX (70cm),444.475,449.475,D-Digital,High,12.5K,Off,Off,Contact1,Group Call,My Radio,Off,Carrier,Off,1,1,1,Off,1,1,None,None,Off,Off,Off,Off,Normal Encryption,Off,Off,Off,Off,131.8,1,Off,Off,Off,Off,Off,Off,1,0,Off,0,0
,WC6HP (70cm),443.700,448.700,A-Analog,High,12.5K,186.2,186.2,Contact1,Group Call,My Radio,Off,Carrier,Off,1,1,1,Off,1,1,None,None,Off,Off,Off,Off,Normal Encryption,Off,Off,Off,Off,186.2,1,Off,Off,Off,Off,Off,Off,1,0,Off,0,0
,W6YL (70cm),443.900,448.900,A-Analog,High,12.5K,100.0,88.5,Contact1,Group Call,My Radio,Off,Carrier,Off,1,1,1,Off,1,1,None,None,Off,Off,Off,Off,Normal Encryption,Off,Off,Off,Off,88.5,1,Off,Off,Off,Off,Off,Off,1,0,Off,0,0
,W6SMQ (70cm),440.100,445.100,A-Analog,High,12.5K,127.3,88.5,Contact1,Group Call,My Radio,Off,Carrier,Off,1,1,1,Off,1,1,None,None,Off,Off,Off,Off,Normal Encryption,Off,Off,Off,Off,88.5,1,Off,Off,Off,Off,Off,Off,1,0,Off,0,0
,N6MVT (70cm),443.075,448.075,A-Analog,High,12.5K,123.0,88.5,Contact1,Group Call,My Radio,Off,Carrier,Off,1,1,1,Off,1,1,None,None,Off,Off,Off,Off,Normal Encryption,Off,Off,Off,Off,88.5,1,Off,Off,Off,Off,Off,Off,1,0,Off,0,0
,N6NAC (70cm),444.625,449.625,A-Analog,High,12.5K,110.9,88.5,Contact1,Group Call,My Radio,Off,Carrier,Off,1,1,1,Off,1,1,None,None,Off,Off,Off,Off,Normal Encryption,Off,Off,Off,Off,88.5,1,Off,Off,Off,Off,Off,Off,1,0,Off,0,0
,AA6BT (2m),146.115,146.715,A-Analog,High,12.5K,100.0,88.5,Contact1,Group Call,My Radio,Off,Carrier,Off,1,1,1,Off,1,1,None,None,Off,Off,Off,Off,Normal Encryption,Off,Off,Off,Off,88.5,1,Off,Off,Off,Off,Off,Off,1,0,Off,0,0
,KE6MON (2m),146.355,146.955,A-Analog,High,12.5K,123.0,88.5,Contact1,Group Call,My Radio,Off,Carrier,Off,1,1,1,Off,1,1,None,None,Off,Off,Off,Off,Normal Encryption,Off,Off,Off,Off,88.5,1,Off,Off,Off,Off,Off,Off,1,0,Off,0,0
,KB6FEC (2m),146.895,146.295,A-Analog,High,12.5K,110.9,88.5,Contact1,Group Call,My Radio,Off,Carrier,Off,1,1,1,Off,1,1,None,None,Off,Off,Off,Off,Normal Encryption,Off,Off,Off,Off,88.5,1,Off,Off,Off,Off,Off,Off,1,0,Off,0,0
,KB6FEC (2m),147.165,147.765,A-Analog,High,12.5K,100.0,88.5,Contact1,Group Call,My Radio,Off,Carrier,Off,1,1,1,Off,1,1,None,None,Off,Off,Off,Off,Normal Encryption,Off,Off,Off,Off,88.5,1,Off,Off,Off,Off,Off,Off,1,0,Off,0,0
,KF6FWO (2m),147.285,147.885,A-Analog,High,12.5K,103.5,88.5,Contact1,Group Call,My Radio,Off,Carrier,Off,1,1,1,Off,1,1,None,None,Off,Off,Off,Off,Normal Encryption,Off,Off,Off,Off,88.5,1,Off,Off,Off,Off,Off,Off,1,0,Off,0,0
,WA6TEM (2m),147.855,147.255,A-Analog,High,12.5K,100.0,88.5,Contact1,Group Call,My Radio,Off,Carrier,Off,1,1,1,Off,1,1,None,None,Off,Off,Off,Off,Normal Encryption,Off,Off,Off,Off,88.5,1,Off,Off,Off,Off,Off,Off,1,0,Off,0,0
,K6LLC (70cm),440.225,445.225,A-Analog,High,12.5K,123.0,88.5,Contact1,Group Call,My Radio,Off,Carrier,Off,1,1,1,Off,1,1,None,None,Off,Off,Off,Off,Normal Encryption,Off,Off,Off,Off,88.5,1,Off,Off,Off,Off,Off,Off,1,0,Off,0,0
,WA6YOP (70cm),440.275,445.275,A-Analog,High,12.5K,127.3,127.3,Contact1,Group Call,My Radio,Off,Carrier,Off,1,1,1,Off,1,1,None,None,Off,Off,Off,Off,Normal Encryption,Off,Off,Off,Off,127.3,1,Off,Off,Off,Off,Off,Off,1,0,Off,0,0
,N6TNR (70cm),440.375,445.375,A-Analog,High,12.5K,127.3,88.5,Contact1,Group Call,My Radio,Off,Carrier,Off,1,1,1,Off,1,1,None,None,Off,Off,Off,Off,Normal Encryption,Off,Off,Off,Off,88.5,1,Off,Off,Off,Off,Off,Off,1,0,Off,0,0
,WA2IBM (70cm),441.150,446.150,A-Analog,High,12.5K,100.0,88.5,Contact1,Group Call,My Radio,Off,Carrier,Off,1,1,1,Off,1,1,None,None,Off,Off,Off,Off,Normal Encryption,Off,Off,Off,Off,88.5,1,Off,Off,Off,Off,Off,Off,1,0,Off,0,0
,KF6FWO (70cm),441.175,446.175,A-Analog,High,12.5K,103.5,88.5,Contact1,Group Call,My Radio,Off,Carrier,Off,1,1,1,Off,1,1,None,None,Off,Off,Off,Off,Normal Encryption,Off,Off,Off,Off,88.5,1,Off,Off,Off,Off,Off,Off,1,0,Off,0,0
,K6BEN (70cm),441.275,446.275,A-Analog,High,12.5K,103.5,88.5,Contact1,Group Call,My Radio,Off,Carrier,Off,1,1,1,Off,1,1,None,None,Off,Off,Off,Off,Normal Encryption,Off,Off,Off,Off,88.5,1,Off,Off,Off,Off,Off,Off,1,0,Off,0,0
,K6INC (70cm),442.300,447.300,A-Analog,High,12.5K,114.8,88.5,Contact1,Group Call,My Radio,Off,Carrier,Off,1,1,1,Off,1,1,None,None,Off,Off,Off,Off,Normal Encryption,Off,Off,Off,Off,88.5,1,Off,Off,Off,Off,Off,Off,1,0,Off,0,0
,N6MNV (70cm),442.700,447.700,A-Analog,High,12.5K,100.0,88.5,Contact1,Group Call,My Radio,Off,Carrier,Off,1,1,1,Off,1,1,None,None,Off,Off,Off,Off,Normal Encryption,Off,Off,Off,Off,88.5,1,Off,Off,Off,Off,Off,Off,1,0,Off,0,0
,KU6V (70cm),442.775,447.775,A-Analog,High,12.5K,131.8,131.8,Contact1,Group Call,My Radio,Off,Carrier,Off,1,1,1,Off,1,1,None,None,Off,Off,Off,Off,Normal Encryption,Off,Off,Off,Off,131.8,1,Off,Off,Off,Off,Off,Off,1,0,Off,0,0
,WA6MIA (70cm),442.850,447.850,A-Analog,High,12.5K,100.0,88.5,Contact1,Group Call,My Radio,Off,Carrier,Off,1,1,1,Off,1,1,None,None,Off,Off,Off,Off,Normal Encryption,Off,Off,Off,Off,88.5,1,Off,Off,Off,Off,Off,Off,1,0,Off,0,0
,WA6YLV (70cm),442.875,447.875,A-Analog,High,12.5K,100.0,88.5,Contact1,Group Call,My Radio,Off,Carrier,Off,1,1,1,Off,1,1,None,None,Off,Off,Off,Off,Normal Encryption,Off,Off,Off,Off,88.5,1,Off,Off,Off,Off,Off,Off,1,0,Off,0,0
,K6YZS (70cm),442.950,447.950,A-Analog,High,12.5K,85.4,88.5,Contact1,Group Call,My Radio,Off,Carrier,Off,1,1,1,Off,1,1,None,None,Off,Off,Off,Off,Normal Encryption,Off,Off,Off,Off,88.5,1,Off,Off,Off,Off,Off,Off,1,0,Off,0,0
,W6AMT (70cm),443.275,448.275,A-Analog,High,12.5K,107.2,88.5,Contact1,Group Call,My Radio,Off,Carrier,Off,1,1,1,Off,1,1,None,None,Off,Off,Off,Off,Normal Encryption,Off,Off,Off,Off,88.5,1,Off,Off,Off,Off,Off,Off,1,0,Off,0,0
,KB5JR (70cm),443.300,448.300,A-Analog,High,12.5K,136.5,88.5,Contact1,Group Call,My Radio,Off,Carrier,Off,1,1,1,Off,1,1,None,None,Off,Off,Off,Off,Normal Encryption,Off,Off,Off,Off,88.5,1,Off,Off,Off,Off,Off,Off,1,0,Off,0,0
,WA6GFY (70cm),443.775,448.775,A-Analog,High,12.5K,100.0,88.5,Contact1,Group Call,My Radio,Off,Carrier,Off,1,1,1,Off,1,1,None,None,Off,Off,Off,Off,Normal Encryption,Off,Off,Off,Off,88.5,1,Off,Off,Off,Off,Off,Off,1,0,Off,0,0
,WB6RNH (70cm),444.300,449.300,A-Analog,High,12.5K,173.8,88.5,Contact1,Group Call,My Radio,Off,Carrier,Off,1,1,1,Off,1,1,None,None,Off,Off,Off,Off,Normal Encryption,Off,Off,Off,Off,88.5,1,Off,Off,Off,Off,Off,Off,1,0,Off,0,0
,WB6RNH (70cm),444.300,449.300,A-Analog,High,12.5K,162.2,88.5,Contact1,Group Call,My Radio,Off,Carrier,Off,1,1,1,Off,1,1,None,None,Off,Off,Off,Off,Normal Encryption,Off,Off,Off,Off,88.5,1,Off,Off,Off,Off,Off,Off,1,0,Off,0,0
,WA6INC (70cm),444.325,449.325,D-Digital,High,12.5K,Off,Off,Contact1,Group Call,My Radio,Off,Carrier,Off,1,1,1,Off,1,1,None,None,Off,Off,Off,Off,Normal Encryption,Off,Off,Off,Off,131.8,1,Off,Off,Off,Off,Off,Off,1,0,Off,0,0
,WB6JSO (70cm),444.450,449.450,A-Analog,High,12.5K,100.0,88.5,Contact1,Group Call,My Radio,Off,Carrier,Off,1,1,1,Off,1,1,None,None,Off,Off,Off,Off,Normal Encryption,Off,Off,Off,Off,88.5,1,Off,Off,Off,Off,Off,Off,1,0,Off,0,0
,N9JIM (70cm),444.750,449.750,A-Analog,High,12.5K,100.0,88.5,Contact1,Group Call,My Radio,Off,Carrier,Off,1,1,1,Off,1,1,None,None,Off,Off,Off,Off,Normal Encryption,Off,Off,Off,Off,88.5,1,Off,Off,Off,Off,Off,Off,1,0,Off,0,0
,K6HLE (70cm),444.038,449.038,D-Digital,High,12.5K,Off,Off,Contact1,Group Call,My Radio,Off,Carrier,Off,1,1,1,Off,1,1,None,None,Off,Off,Off,Off,Normal Encryption,Off,Off,Off,Off,131.8,1,Off,Off,Off,Off,Off,Off,1,0,Off,0,0
,W6UU (70cm),442.425,447.425,A-Analog,High,12.5K,107.2,88.5,Contact1,Group Call,My Radio,Off,Carrier,Off,1,1,1,Off,1,1,None,None,Off,Off,Off,Off,Normal Encryption,Off,Off,Off,Off,88.5,1,Off,Off,Off,Off,Off,Off,1,0,Off,0,0
,WB6KHP (2m),147.030,147.630,A-Analog,High,12.5K,107.2,88.5,Contact1,Group Call,My Radio,Off,Carrier,Off,1,1,1,Off,1,1,None,None,Off,Off,Off,Off,Normal Encryption,Off,Off,Off,Off,88.5,1,Off,Off,Off,Off,Off,Off,1,0,Off,0,0
,K6JSI (70cm),441.650,446.650,A-Analog,High,12.5K,100.0,88.5,Contact1,Group Call,My Radio,Off,Carrier,Off,1,1,1,Off,1,1,None,None,Off,Off,Off,Off,Normal Encryption,Off,Off,Off,Off,88.5,1,Off,Off,Off,Off,Off,Off,1,0,Off,0,0
,K6SNC (70cm),442.025,447.025,A-Analog,High,12.5K,100.0,88.5,Contact1,Group Call,My Radio,Off,Carrier,Off,1,1,1,Off,1,1,None,None,Off,Off,Off,Off,Normal Encryption,Off,Off,Off,Off,88.5,1,Off,Off,Off,Off,Off,Off,1,0,Off,0,0
,NO1PC (70cm),441.025,446.025,A-Analog,High,12.5K,110.9,110.9,Contact1,Group Call,My Radio,Off,Carrier,Off,1,1,1,Off,1,1,None,None,Off,Off,Off,Off,Normal Encryption,Off,Off,Off,Off,110.9,1,Off,Off,Off,Off,Off,Off,1,0,Off,0,0
,W6UU (2m),146.985,146.385,A-Analog,High,12.5K,114.8,88.5,Contact1,Group Call,My Radio,Off,Carrier,Off,1,1,1,Off,1,1,None,None,Off,Off,Off,Off,Normal Encryption,Off,Off,Off,Off,88.5,1,Off,Off,Off,Off,Off,Off,1,0,Off,0,0
,K6GOD (70cm),442.350,447.350,A-Analog,High,12.5K,100.0,88.5,Contact1,Group Call,My Radio,Off,Carrier,Off,1,1,1,Off,1,1,None,None,Off,Off,Off,Off,Normal Encryption,Off,Off,Off,Off,88.5,1,Off,Off,Off,Off,Off,Off,1,0,Off,0,0
,W6MLP (2m),145.430,144.830,A-Analog,High,12.5K,85.4,88.5,Contact1,Group Call,My Radio,Off,Carrier,Off,1,1,1,Off,1,1,None,None,Off,Off,Off,Off,Normal Encryption,Off,Off,Off,Off,88.5,1,Off,Off,Off,Off,Off,Off,1,0,Off,0,0
,WA6KPX (70cm),443.400,448.400,D-Digital,High,12.5K,Off,Off,Contact1,Group Call,My Radio,Off,Carrier,Off,1,1,1,Off,1,1,None,None,Off,Off,Off,Off,Normal Encryption,Off,Off,Off,Off,131.8,1,Off,Off,Off,Off,Off,Off,1,0,Off,0,0
,WB6KHP (70cm),444.700,449.700,A-Analog,High,12.5K,127.3,127.3,Contact1,Group Call,My Radio,Off,Carrier,Off,1,1,1,Off,1,1,None,None,Off,Off,Off,Off,Normal Encryption,Off,Off,Off,Off,127.3,1,Off,Off,Off,Off,Off,Off,1,0,Off,0,0
,W6PIY (2m),147.390,147.990,A-Analog,High,12.5K,151.4,88.5,Contact1,Group Call,My Radio,Off,Carrier,Off,1,1,1,Off,1,1,None,None,Off,Off,Off,Off,Normal Encryption,Off,Off,Off,Off,88.5,1,Off,Off,Off,Off,Off,Off,1,0,Off,0,0
,K6GOD (70cm),440.175,445.175,A-Analog,High,12.5K,131.8,131.8,Contact1,Group Call,My Radio,Off,Carrier,Off,1,1,1,Off,1,1,None,None,Off,Off,Off,Off,Normal Encryption,Off,Off,Off,Off,131.8,1,Off,Off,Off,Off,Off,Off,1,0,Off,0,0
,K6GOD (70cm),444.725,449.725,A-Analog,High,12.5K,162.2,162.2,Contact1,Group Call,My Radio,Off,Carrier,Off,1,1,1,Off,1,1,None,None,Off,Off,Off,Off,Normal Encryption,Off,Off,Off,Off,162.2,1,Off,Off,Off,Off,Off,Off,1,0,Off,0,0
,W6AMT (70cm),440.125,445.125,D-Digital,High,12.5K,Off,Off,Contact1,Group Call,My Radio,Off,Carrier,Off,1,1,1,Off,1,1,None,None,Off,Off,Off,Off,Normal Encryption,Off,Off,Off,Off,131.8,1,Off,Off,Off,Off,Off,Off,1,0,Off,0,0
,W6TDM (70cm),440.150,445.150,A-Analog,High,12.5K,100.0,88.5,Contact1,Group Call,My Radio,Off,Carrier,Off,1,1,1,Off,1,1,None,None,Off,Off,Off,Off,Normal Encryption,Off,Off,Off,Off,88.5,1,Off,Off,Off,Off,Off,Off,1,0,Off,0,0
,W6VB (70cm),441.550,446.550,A-Analog,High,12.5K,100.0,88.5,Contact1,Group Call,My Radio,Off,Carrier,Off,1,1,1,Off,1,1,None,None,Off,Off,Off,Off,Normal Encryption,Off,Off,Off,Off,88.5,1,Off,Off,Off,Off,Off,Off,1,0,Off,0,0
,K6SA (70cm),443.150,448.150,A-Analog,High,12.5K,100.0,100.0,Contact1,Group Call,My Radio,Off,Carrier,Off,1,1,1,Off,1,1,None,None,Off,Off,Off,Off,Normal Encryption,Off,Off,Off,Off,100.0,1,Off,Off,Off,Off,Off,Off,1,0,Off,0,0
,K6GOD (70cm),442.350,447.350,A-Analog,High,12.5K,Off,Off,Contact1,Group Call,My Radio,Off,Carrier,Off,1,1,1,Off,1,1,None,None,Off,Off,Off,Off,Normal Encryption,Off,Off,Off,Off,131.8,1,Off,Off,Off,Off,Off,Off,1,0,Off,0,0
,AD1U (70cm),443.950,448.950,D-Digital,High,12.5K,Off,Off,Contact1,Group Call,My Radio,Off,Carrier,Off,1,1,1,Off,1,1,None,None,Off,Off,Off,Off,Normal Encryption,Off,Off,Off,Off,131.8,1,Off,Off,Off,Off,Off,Off,1,0,Off,0,0
,K6SNY (2m),145.170,144.570,A-Analog,High,12.5K,94.8,88.5,Contact1,Group Call,My Radio,Off,Carrier,Off,1,1,1,Off,1,1,None,None,Off,Off,Off,Off,Normal Encryption,Off,Off,Off,Off,88.5,1,Off,Off,Off,Off,Off,Off,1,0,Off,0,0
,W1NSA (70cm),443.900,448.900,A-Analog,High,12.5K,88.5,88.5,Contact1,Group Call,My Radio,Off,Carrier,Off,1,1,1,Off,1,1,None,None,Off,Off,Off,Off,Normal Encryption,Off,Off,Off,Off,88.5,1,Off,Off,Off,Off,Off,Off,1,0,Off,0,0
,AF6EQ (70cm),444.550,439.550,A-Analog,High,12.5K,100.0,88.5,Contact1,Group Call,My Radio,Off,Carrier,Off,1,1,1,Off,1,1,None,None,Off,Off,Off,Off,Normal Encryption,Off,Off,Off,Off,88.5,1,Off,Off,Off,Off,Off,Off,1,0,Off,0,0
,K6SA (2m),146.655,146.055,A-Analog,High,12.5K,114.8,88.5,Contact1,Group Call,My Radio,Off,Carrier,Off,1,1,1,Off,1,1,None,None,Off,Off,Off,Off,Normal Encryption,Off,Off,Off,Off,88.5,1,Off,Off,Off,Off,Off,Off,1,0,Off,0,0
,KC6TYG (70cm),440.650,445.650,A-Analog,High,12.5K,94.8,88.5,Contact1,Group Call,My Radio,Off,Carrier,Off,1,1,1,Off,1,1,None,None,Off,Off,Off,Off,Normal Encryption,Off,Off,Off,Off,88.5,1,Off,Off,Off,Off,Off,Off,1,0,Off,0,0
,N6UUI (70cm),441.050,446.050,A-Analog,High,12.5K,123.0,88.5,Contact1,Group Call,My Radio,Off,Carrier,Off,1,1,1,Off,1,1,None,None,Off,Off,Off,Off,Normal Encryption,Off,Off,Off,Off,88.5,1,Off,Off,Off,Off,Off,Off,1,0,Off,0,0
,W6RCA (70cm),441.625,446.625,A-Analog,High,12.5K,100.0,88.5,Contact1,Group Call,My Radio,Off,Carrier,Off,1,1,1,Off,1,1,None,None,Off,Off,Off,Off,Normal Encryption,Off,Off,Off,Off,88.5,1,Off,Off,Off,Off,Off,Off,1,0,Off,0,0
,NO1PC (70cm),443.750,448.750,A-Analog,High,12.5K,100.0,100.0,Contact1,Group Call,My Radio,Off,Carrier,Off,1,1,1,Off,1,1,None,None,Off,Off,Off,Off,Normal Encryption,Off,Off,Off,Off,100.0,1,Off,Off,Off,Off,Off,Off,1,0,Off,0,0
,WB6KHP (70cm),444.975,449.975,A-Analog,High,12.5K,127.3,127.3,Contact1,Group Call,My Radio,Off,Carrier,Off,1,1,1,Off,1,1,None,None,Off,Off,Off,Off,Normal Encryption,Off,Off,Off,Off,127.3,1,Off,Off,Off,Off,Off,Off,1,0,Off,0,0
,KK6USZ (70cm),441.950,446.950,A-Analog,High,12.5K,Off,Off,Contact1,Group Call,My Radio,Off,Carrier,Off,1,1,1,Off,1,1,None,None,Off,Off,Off,Off,Normal Encryption,Off,Off,Off,Off,131.8,1,Off,Off,Off,Off,Off,Off,1,0,Off,0,0
,NA6MF (2m),145.250,144.650,A-Analog,High,12.5K,123.0,88.5,Contact1,Group Call,My Radio,Off,Carrier,Off,1,1,1,Off,1,1,None,None,Off,Off,Off,Off,Normal Encryption,Off,Off,Off,Off,88.5,1,Off,Off,Off,Off,Off,Off,1,0,Off,0,0
,WA2IBM (2m),145.190,144.590,A-Analog,High,12.5K,151.4,151.4,Contact1,Group Call,My Radio,Off,Carrier,Off,1,1,1,Off,1,1,None,None,Off,Off,Off,Off,Normal Encryption,Off,Off,Off,Off,151.4,1,Off,Off,Off,Off,Off,Off,1,0,Off,0,0
,W6ASH (70cm),440.800,445.800,A-Analog,High,12.5K,100.0,88.5,Contact1,Group Call,My Radio,Off,Carrier,Off,1,1,1,Off,1,1,None,None,Off,Off,Off,Off,Normal Encryption,Off,Off,Off,Off,88.5,1,Off,Off,Off,Off,Off,Off,1,0,Off,0,0
,W6ASH (2m),145.270,144.670,A-Analog,High,12.5K,100.0,88.5,Contact1,Group Call,My Radio,Off,Carrier,Off,1,1,1,Off,1,1,None,None,Off,Off,Off,Off,Normal Encryption,Off,Off,Off,Off,88.5,1,Off,Off,Off,Off,Off,Off,1,0,Off,0,0
,W6TCP (70cm),440.125,445.125,D-Digital,High,12.5K,Off,Off,Contact1,Group Call,My Radio,Off,Carrier,Off,1,1,1,Off,1,1,None,None,Off,Off,Off,Off,Normal Encryption,Off,Off,Off,Off,131.8,1,Off,Off,Off,Off,Off,Off,1,0,Off,0,0
,N6HWI (70cm),443.725,448.725,A-Analog,High,12.5K,127.3,88.5,Contact1,Group Call,My Radio,Off,Carrier,Off,1,1,1,Off,1,1,None,None,Off,Off,Off,Off,Normal Encryption,Off,Off,Off,Off,88.5,1,Off,Off,Off,Off,Off,Off,1,0,Off,0,0
,WB6ECE (70cm),441.300,446.300,A-Analog,High,12.5K,110.9,88.5,Contact1,Group Call,My Radio,Off,Carrier,Off,1,1,1,Off,1,1,None,None,Off,Off,Off,Off,Normal Encryption,Off,Off,Off,Off,88.5,1,Off,Off,Off,Off,Off,Off,1,0,Off,0,0
,KH6N (70cm),440.875,445.875,A-Analog,High,12.5K,100.0,88.5,Contact1,Group Call,My Radio,Off,Carrier,Off,1,1,1,Off,1,1,None,None,Off,Off,Off,Off,Normal Encryption,Off,Off,Off,Off,88.5,1,Off,Off,Off,Off,Off,Off,1,0,Off,0,0
,WA6YCZ (2m),147.150,147.750,A-Analog,High,12.5K,110.9,88.5,Contact1,Group Call,My Radio,Off,Carrier,Off,1,1,1,Off,1,1,None,None,Off,Off,Off,Off,Normal Encryption,Off,Off,Off,Off,88.5,1,Off,Off,Off,Off,Off,Off,1,0,Off,0,0
,WB6ECE (70cm),441.300,446.300,A-Analog,High,12.5K,146.2,88.5,Contact1,Group Call,My Radio,Off,Carrier,Off,1,1,1,Off,1,1,None,None,Off,Off,Off,Off,Normal Encryption,Off,Off,Off,Off,88.5,1,Off,Off,Off,Off,Off,Off,1,0,Off,0,0
,WA6YCZ (70cm),444.400,449.400,A-Analog,High,12.5K,100.0,88.5,Contact1,Group Call,My Radio,Off,Carrier,Off,1,1,1,Off,1,1,None,None,Off,Off,Off,Off,Normal Encryption,Off,Off,Off,Off,88.5,1,Off,Off,Off,Off,Off,Off,1,0,Off,0,0
,WA6YCZ (70cm),442.538,447.538,D-Digital,High,12.5K,Off,Off,Contact1,Group Call,My Radio,Off,Carrier,Off,1,1,1,Off,1,1,None,None,Off,Off,Off,Off,Normal Encryption,Off,Off,Off,Off,131.8,1,Off,Off,Off,Off,Off,Off,1,0,Off,0,0
,K6LNK (70cm),443.475,448.475,A-Analog,High,12.5K,123.0,88.5,Contact1,Group Call,My Radio,Off,Carrier,Off,1,1,1,Off,1,1,None,None,Off,Off,Off,Off,Normal Encryption,Off,Off,Off,Off,88.5,1,Off,Off,Off,Off,Off,Off,1,0,Off,0,0
,WW6BAY (70cm),444.075,449.075,A-Analog,High,12.5K,Off,Off,Contact1,Group Call,My Radio,Off,Carrier,Off,1,1,1,Off,1,1,None,None,Off,Off,Off,Off,Normal Encryption,Off,Off,Off,Off,131.8,1,Off,Off,Off,Off,Off,Off,1,0,Off,0,0
,K6FB (2m),145.450,144.850,A-Analog,High,12.5K,100.0,88.5,Contact1,Group Call,My Radio,Off,Carrier,Off,1,1,1,Off,1,1,None,None,Off,Off,Off,Off,Normal Encryption,Off,Off,Off,Off,88.5,1,Off,Off,Off,Off,Off,Off,1,0,Off,0,0
,KU6V (70cm),444.900,449.900,A-Analog,High,12.5K,110.9,88.5,Contact1,Group Call,My Radio,Off,Carrier,Off,1,1,1,Off,1,1,None,None,Off,Off,Off,Off,Normal Encryption,Off,Off,Off,Off,88.5,1,Off,Off,Off,Off,Off,Off,1,0,Off,0,0
,W6LAH (2m),146.745,146.145,A-Analog,High,12.5K,110.9,88.5,Contact1,Group Call,My Radio,Off,Carrier,Off,1,1,1,Off,1,1,None,None,Off,Off,Off,Off,Normal Encryption,Off,Off,Off,Off,88.5,1,Off,Off,Off,Off,Off,Off,1,0,Off,0,0
,KE6JTK (70cm),444.225,449.225,A-Analog,High,12.5K,131.8,88.5,Contact1,Group Call,My Radio,Off,Carrier,Off,1,1,1,Off,1,1,None,None,Off,Off,Off,Off,Normal Encryption,Off,Off,Off,Off,88.5,1,Off,Off,Off,Off,Off,Off,1,0,Off,0,0
,K6AIR (2m),146.940,146.340,A-Analog,High,12.5K,123.0,88.5,Contact1,Group Call,My Radio,Off,Carrier,Off,1,1,1,Off,1,1,None,None,Off,Off,Off,Off,Normal Encryption,Off,Off,Off,Off,88.5,1,Off,Off,Off,Off,Off,Off,1,0,Off,0,0
,W6PMI (70cm),442.125,447.125,A-Analog,High,12.5K,162.2,88.5,Contact1,Group Call,My Radio,Off,Carrier,Off,1,1,1,Off,1,1,None,None,Off,Off,Off,Off,Normal Encryption,Off,Off,Off,Off,88.5,1,Off,Off,Off,Off,Off,Off,1,0,Off,0,0
,K6FB (70cm),442.575,447.575,A-Analog,High,12.5K,100.0,88.5,Contact1,Group Call,My Radio,Off,Carrier,Off,1,1,1,Off,1,1,None,None,Off,Off,Off,Off,Normal Encryption,Off,Off,Off,Off,88.5,1,Off,Off,Off,Off,Off,Off,1,0,Off,0,0
,K6GOD (70cm),441.100,446.100,A-Analog,High,12.5K,203.5,88.5,Contact1,Group Call,My Radio,Off,Carrier,Off,1,1,1,Off,1,1,None,None,Off,Off,Off,Off,Normal Encryption,Off,Off,Off,Off,88.5,1,Off,Off,Off,Off,Off,Off,1,0,Off,0,0
,WW6BAY (70cm),444.425,449.425,A-Analog,High,12.5K,127.3,88.5,Contact1,Group Call,My Radio,Off,Carrier,Off,1,1,1,Off,1,1,None,None,Off,Off,Off,Off,Normal Encryption,Off,Off,Off,Off,88.5,1,Off,Off,Off,Off,Off,Off,1,0,Off,0,0
,K6OTR (70cm),441.850,446.850,D-Digital,High,12.5K,Off,Off,Contact1,Group Call,My Radio,Off,Carrier,Off,1,1,1,Off,1,1,None,None,Off,Off,Off,Off,Normal Encryption,Off,Off,Off,Off,131.8,1,Off,Off,Off,Off,Off,Off,1,0,Off,0,0
,W6TI (2m),147.360,147.960,A-Analog,High,12.5K,110.9,88.5,Contact1,Group Call,My Radio,Off,Carrier,Off,1,1,1,Off,1,1,None,None,Off,Off,Off,Off,Normal Encryption,Off,Off,Off,Off,88.5,1,Off,Off,Off,Off,Off,Off,1,0,Off,0,0
,WW6BAY (70cm),444.350,449.350,D-Digital,High,12.5K,Off,Off,Contact1,Group Call,My Radio,Off,Carrier,Off,1,1,1,Off,1,1,None,None,Off,Off,Off,Off,Normal Encryption,Off,Off,Off,Off,131.8,1,Off,Off,Off,Off,Off,Off,1,0,Off,0,0
,WW6BAY (70cm),443.225,448.225,A-Analog,High,12.5K,100.0,88.5,Contact1,Group Call,My Radio,Off,Carrier,Off,1,1,1,Off,1,1,None,None,Off,Off,Off,Off,Normal Encryption,Off,Off,Off,Off,88.5,1,Off,Off,Off,Off,Off,Off,1,0,Off,0,0
,WW6BAY (2m),145.390,144.790,A-Analog,High,12.5K,100.0,88.5,Contact1,Group Call,My Radio,Off,Carrier,Off,1,1,1,Off,1,1,None,None,Off,Off,Off,Off,Normal Encryption,Off,Off,Off,Off,88.5,1,Off,Off,Off,Off,Off,Off,1,0,Off,0,0
,W6EE (70cm),441.450,446.450,A-Analog,High,12.5K,85.4,88.5,Contact1,Group Call,My Radio,Off,Carrier,Off,1,1,1,Off,1,1,None,None,Off,Off,Off,Off,Normal Encryption,Off,Off,Off,Off,88.5,1,Off,Off,Off,Off,Off,Off,1,0,Off,0,0
,W6TP (70cm),443.100,448.100,A-Analog,High,12.5K,88.5,88.5,Contact1,Group Call,My Radio,Off,Carrier,Off,1,1,1,Off,1,1,None,None,Off,Off,Off,Off,Normal Encryption,Off,Off,Off,Off,88.5,1,Off,Off,Off,Off,Off,Off,1,0,Off,0,0
,K6KYA (70cm),444.850,449.850,A-Analog,High,12.5K,114.8,88.5,Contact1,Group Call,My Radio,Off,Carrier,Off,1,1,1,Off,1,1,None,None,Off,Off,Off,Off,Normal Encryption,Off,Off,Off,Off,88.5,1,Off,Off,Off,Off,Off,Off,1,0,Off,0,0
,KB6LCS (70cm),444.925,449.925,A-Analog,High,12.5K,136.5,88.5,Contact1,Group Call,My Radio,Off,Carrier,Off,1,1,1,Off,1,1,None,None,Off,Off,Off,Off,Normal Encryption,Off,Off,Off,Off,88.5,1,Off,Off,Off,Off,Off,Off,1,0,Off,0,0
,W6TP (2m),146.790,146.190,A-Analog,High,12.5K,114.8,88.5,Contact1,Group Call,My Radio,Off,Carrier,Off,1,1,1,Off,1,1,None,None,Off,Off,Off,Off,Normal Encryption,Off,Off,Off,Off,88.5,1,Off,Off,Off,Off,Off,Off,1,0,Off,0,0
,K6TW (70cm),444.725,449.725,A-Analog,High,12.5K,114.8,88.5,Contact1,Group Call,My Radio,Off,Carrier,Off,1,1,1,Off,1,1,None,None,Off,Off,Off,Off,Normal Encryption,Off,Off,Off,Off,88.5,1,Off,Off,Off,Off,Off,Off,1,0,Off,0,0
,N6MVT (70cm),442.075,447.075,A-Analog,High,12.5K,100.0,88.5,Contact1,Group Call,My Radio,Off,Carrier,Off,1,1,1,Off,1,1,None,None,Off,Off,Off,Off,Normal Encryption,Off,Off,Off,Off,88.5,1,Off,Off,Off,Off,Off,Off,1,0,Off,0,0
,WA6GG (70cm),442.050,447.050,A-Analog,High,12.5K,127.3,88.5,Contact1,Group Call,My Radio,Off,Carrier,Off,1,1,1,Off,1,1,None,None,Off,Off,Off,Off,Normal Encryption,Off,Off,Off,Off,88.5,1,Off,Off,Off,Off,Off,Off,1,0,Off,0,0
,W6PW (2m),145.150,144.550,A-Analog,High,12.5K,88.5,88.5,Contact1,Group Call,My Radio,Off,Carrier,Off,1,1,1,Off,1,1,None,None,Off,Off,Off,Off,Normal Encryption,Off,Off,Off,Off,88.5,1,Off,Off,Off,Off,Off,Off,1,0,Off,0,0
,W6PW (70cm),444.225,449.225,D-Digital,High,12.5K,88.5,88.5,Contact1,Group Call,My Radio,Off,Carrier,Off,1,1,1,Off,1,1,None,None,Off,Off,Off,Off,Normal Encryption,Off,Off,Off,Off,88.5,1,Off,Off,Off,Off,Off,Off,1,0,Off,0,0
,N6AMG (70cm),440.500,445.500,D-Digital,High,12.5K,Off,Off,Contact1,Group Call,My Radio,Off,Carrier,Off,1,1,1,Off,1,1,None,None,Off,Off,Off,Off,Normal Encryption,Off,Off,Off,Off,131.8,1,Off,Off,Off,Off,Off,Off,1,0,Off,0,0
,K6CV (70cm),440.700,445.700,A-Analog,High,12.5K,123.0,88.5,Contact1,Group Call,My Radio,Off,Carrier,Off,1,1,1,Off,1,1,None,None,Off,Off,Off,Off,Normal Encryption,Off,Off,Off,Off,88.5,1,Off,Off,Off,Off,Off,Off,1,0,Off,0,0
,WD6INC (2m),146.835,146.235,A-Analog,High,12.5K,123.0,88.5,Contact1,Group Call,My Radio,Off,Carrier,Off,1,1,1,Off,1,1,None,None,Off,Off,Off,Off,Normal Encryption,Off,Off,Off,Off,88.5,1,Off,Off,Off,Off,Off,Off,1,0,Off,0,0
,K6ER (70cm),442.525,447.525,A-Analog,High,12.5K,114.8,88.5,Contact1,Group Call,My Radio,Off,Carrier,Off,1,1,1,Off,1,1,None,None,Off,Off,Off,Off,Normal Encryption,Off,Off,Off,Off,88.5,1,Off,Off,Off,Off,Off,Off,1,0,Off,0,0
,WA6EUZ (70cm),444.550,449.550,A-Analog,High,12.5K,Off,Off,Contact1,Group Call,My Radio,Off,Carrier,Off,1,1,1,Off,1,1,None,None,Off,Off,Off,Off,Normal Encryption,Off,Off,Off,Off,131.8,1,Off,Off,Off,Off,Off,Off,1,0,Off,0,0
,K6DNA (70cm),441.250,446.250,A-Analog,High,12.5K,141.3,88.5,Contact1,Group Call,My Radio,Off,Carrier,Off,1,1,1,Off,1,1,None,None,Off,Off,Off,Off,Normal Encryption,Off,Off,Off,Off,88.5,1,Off,Off,Off,Off,Off,Off,1,0,Off,0,0
,N6MNV (70cm),442.700,447.700,A-Analog,High,12.5K,173.8,88.5,Contact1,Group Call,My Radio,Off,Carrier,Off,1,1,1,Off,1,1,None,None,Off,Off,Off,Off,Normal Encryption,Off,Off,Off,Off,88.5,1,Off,Off,Off,Off,Off,Off,1,0,Off,0,0
,KG6TN (70cm),443.925,448.925,A-Analog,High,12.5K,136.5,88.5,Contact1,Group Call,My Radio,Off,Carrier,Off,1,1,1,Off,1,1,None,None,Off,Off,Off,Off,Normal Encryption,Off,Off,Off,Off,88.5,1,Off,Off,Off,Off,Off,Off,1,0,Off,0,0
,W6UUU (2m),144.950,147.450,D-Digital,High,12.5K,Off,Off,Contact1,Group Call,My Radio,Off,Carrier,Off,1,1,1,Off,1,1,None,None,Off,Off,Off,Off,Normal Encryption,Off,Off,Off,Off,131.8,1,Off,Off,Off,Off,Off,Off,1,0,Off,0,0
,KB6FEC (70cm),443.825,448.825,D-Digital,High,12.5K,Off,Off,Contact1,Group Call,My Radio,Off,Carrier,Off,1,1,1,Off,1,1,None,None,Off,Off,Off,Off,Normal Encryption,Off,Off,Off,Off,131.8,1,Off,Off,Off,Off,Off,Off,1,0,Off,0,0
,W6RCA (70cm),441.225,446.225,A-Analog,High,12.5K,100.0,88.5,Contact1,Group Call,My Radio,Off,Carrier,Off,1,1,1,Off,1,1,None,None,Off,Off,Off,Off,Normal Encryption,Off,Off,Off,Off,88.5,1,Off,Off,Off,Off,Off,Off,1,0,Off,0,0
,AC6OT (70cm),443.350,448.350,A-Analog,High,12.5K,186.2,88.5,Contact1,Group Call,My Radio,Off,Carrier,Off,1,1,1,Off,1,1,None,None,Off,Off,Off,Off,Normal Encryption,Off,Off,Off,Off,88.5,1,Off,Off,Off,Off,Off,Off,1,0,Off,0,0
,W6MTF (70cm),441.425,446.425,A-Analog,High,12.5K,156.7,156.7,Contact1,Group Call,My Radio,Off,Carrier,Off,1,1,1,Off,1,1,None,None,Off,Off,Off,Off,Normal Encryption,Off,Off,Off,Off,156.7,1,Off,Off,Off,Off,Off,Off,1,0,Off,0,0
,KD6QDW (70cm),442.250,447.250,A-Analog,High,12.5K,103.5,88.5,Contact1,Group Call,My Radio,Off,Carrier,Off,1,1,1,Off,1,1,None,None,Off,Off,Off,Off,Normal Encryption,Off,Off,Off,Off,88.5,1,Off,Off,Off,Off,Off,Off,1,0,Off,0,0
,W6YOP (70cm),441.475,446.475,A-Analog,High,12.5K,127.3,127.3,Contact1,Group Call,My Radio,Off,Carrier,Off,1,1,1,Off,1,1,None,None,Off,Off,Off,Off,Normal Encryption,Off,Off,Off,Off,127.3,1,Off,Off,Off,Off,Off,Off,1,0,Off,0,0
,WB6NDJ (70cm),442.400,447.400,A-Analog,High,12.5K,77.0,88.5,Contact1,Group Call,My Radio,Off,Carrier,Off,1,1,1,Off,1,1,None,None,Off,Off,Off,Off,Normal Encryption,Off,Off,Off,Off,88.5,1,Off,Off,Off,Off,Off,Off,1,0,Off,0,0
,WB6SHU (70cm),443.375,448.375,A-Analog,High,12.5K,114.8,88.5,Contact1,Group Call,My Radio,Off,Carrier,Off,1,1,1,Off,1,1,None,None,Off,Off,Off,Off,Normal Encryption,Off,Off,Off,Off,88.5,1,Off,Off,Off,Off,Off,Off,1,0,Off,0,0
,N6QOP (70cm),443.475,448.475,A-Analog,High,12.5K,100.0,88.5,Contact1,Group Call,My Radio,Off,Carrier,Off,1,1,1,Off,1,1,None,None,Off,Off,Off,Off,Normal Encryption,Off,Off,Off,Off,88.5,1,Off,Off,Off,Off,Off,Off,1,0,Off,0,0
,W6MTF (70cm),443.875,448.875,A-Analog,High,12.5K,Off,Off,Contact1,Group Call,My Radio,Off,Carrier,Off,1,1,1,Off,1,1,None,None,Off,Off,Off,Off,Normal Encryption,Off,Off,Off,Off,131.8,1,Off,Off,Off,Off,Off,Off,1,0,Off,0,0
,WW6BAY (70cm),443.975,448.975,A-Analog,High,12.5K,100.0,88.5,Contact1,Group Call,My Radio,Off,Carrier,Off,1,1,1,Off,1,1,None,None,Off,Off,Off,Off,Normal Encryption,Off,Off,Off,Off,88.5,1,Off,Off,Off,Off,Off,Off,1,0,Off,0,0
,WB6TCS (70cm),444.250,449.250,A-Analog,High,12.5K,100.0,88.5,Contact1,Group Call,My Radio,Off,Carrier,Off,1,1,1,Off,1,1,None,None,Off,Off,Off,Off,Normal Encryption,Off,Off,Off,Off,88.5,1,Off,Off,Off,Off,Off,Off,1,0,Off,0,0
,W6PUE (70cm),444.650,449.650,A-Analog,High,12.5K,100.0,88.5,Contact1,Group Call,My Radio,Off,Carrier,Off,1,1,1,Off,1,1,None,None,Off,Off,Off,Off,Normal Encryption,Off,Off,Off,Off,88.5,1,Off,Off,Off,Off,Off,Off,1,0,Off,0,0
,W6YOP (70cm),444.775,449.775,A-Analog,High,12.5K,127.3,127.3,Contact1,Group Call,My Radio,Off,Carrier,Off,1,1,1,Off,1,1,None,None,Off,Off,Off,Off,Normal Encryption,Off,Off,Off,Off,127.3,1,Off,Off,Off,Off,Off,Off,1,0,Off,0,0
,W6BUR (2m),146.670,146.070,A-Analog,High,12.5K,85.4,88.5,Contact1,Group Call,My Radio,Off,Carrier,Off,1,1,1,Off,1,1,None,None,Off,Off,Off,Off,Normal Encryption,Off,Off,Off,Off,88.5,1,Off,Off,Off,Off,Off,Off,1,0,Off,0,0
,WB6NDJ (2m),146.880,146.280,A-Analog,High,12.5K,77.0,88.5,Contact1,Group Call,My Radio,Off,Carrier,Off,1,1,1,Off,1,1,None,None,Off,Off,Off,Off,Normal Encryption,Off,Off,Off,Off,88.5,1,Off,Off,Off,Off,Off,Off,1,0,Off,0,0
,WB6TCS (2m),147.210,147.810,A-Analog,High,12.5K,100.0,88.5,Contact1,Group Call,My Radio,Off,Carrier,Off,1,1,1,Off,1,1,None,None,Off,Off,Off,Off,Normal Encryption,Off,Off,Off,Off,88.5,1,Off,Off,Off,Off,Off,Off,1,0,Off,0,0
,K6QLF (70cm),444.575,449.575,A-Analog,High,12.5K,88.5,88.5,Contact1,Group Call,My Radio,Off,Carrier,Off,1,1,1,Off,1,1,None,None,Off,Off,Off,Off,Normal Encryption,Off,Off,Off,Off,88.5,1,Off,Off,Off,Off,Off,Off,1,0,Off,0,0
,KF6ALA (2m),147.825,147.225,A-Analog,High,12.5K,88.5,88.5,Contact1,Group Call,My Radio,Off,Carrier,Off,1,1,1,Off,1,1,None,None,Off,Off,Off,Off,Normal Encryption,Off,Off,Off,Off,88.5,1,Off,Off,Off,Off,Off,Off,1,0,Off,0,0
,K6PVJ (70cm),440.550,445.550,A-Analog,High,12.5K,114.8,88.5,Contact1,Group Call,My Radio,Off,Carrier,Off,1,1,1,Off,1,1,None,None,Off,Off,Off,Off,Normal Encryption,Off,Off,Off,Off,88.5,1,Off,Off,Off,Off,Off,Off,1,0,Off,0,0
,K6GOD (70cm),440.175,445.175,A-Analog,High,12.5K,131.8,88.5,Contact1,Group Call,My Radio,Off,Carrier,Off,1,1,1,Off,1,1,None,None,Off,Off,Off,Off,Normal Encryption,Off,Off,Off,Off,88.5,1,Off,Off,Off,Off,Off,Off,1,0,Off,0,0
,WB6WTM (70cm),440.400,445.400,A-Analog,High,12.5K,127.3,88.5,Contact1,Group Call,My Radio,Off,Carrier,Off,1,1,1,Off,1,1,None,None,Off,Off,Off,Off,Normal Encryption,Off,Off,Off,Off,88.5,1,Off,Off,Off,Off,Off,Off,1,0,Off,0,0
,WB6IXH (70cm),440.825,445.825,A-Analog,High,12.5K,Off,Off,Contact1,Group Call,My Radio,Off,Carrier,Off,1,1,1,Off,1,1,None,None,Off,Off,Off,Off,Normal Encryption,Off,Off,Off,Off,131.8,1,Off,Off,Off,Off,Off,Off,1,0,Off,0,0
,WA6ZTY (70cm),442.275,447.275,A-Analog,High,12.5K,100.0,88.5,Contact1,Group Call,My Radio,Off,Carrier,Off,1,1,1,Off,1,1,None,None,Off,Off,Off,Off,Normal Encryption,Off,Off,Off,Off,88.5,1,Off,Off,Off,Off,Off,Off,1,0,Off,0,0
,N6BRK (70cm),440.900,445.900,A-Analog,High,12.5K,131.8,131.8,Contact1,Group Call,My Radio,Off,Carrier,Off,1,1,1,Off,1,1,None,None,Off,Off,Off,Off,Normal Encryption,Off,Off,Off,Off,131.8,1,Off,Off,Off,Off,Off,Off,1,0,Off,0,0
,N6GVI (70cm),444.700,449.700,A-Analog,High,12.5K,100.0,88.5,Contact1,Group Call,My Radio,Off,Carrier,Off,1,1,1,Off,1,1,None,None,Off,Off,Off,Off,Normal Encryption,Off,Off,Off,Off,88.5,1,Off,Off,Off,Off,Off,Off,1,0,Off,0,0
,AH6KD (70cm),441.887,446.887,D-Digital,High,12.5K,Off,Off,Contact1,Group Call,My Radio,Off,Carrier,Off,1,1,1,Off,1,1,None,None,Off,Off,Off,Off,Normal Encryption,Off,Off,Off,Off,131.8,1,Off,Off,Off,Off,Off,Off,1,0,Off,0,0
,WA6DUR (70cm),442.150,447.150,A-Analog,High,12.5K,107.2,88.5,Contact1,Group Call,My Radio,Off,Carrier,Off,1,1,1,Off,1,1,None,None,Off,Off,Off,Off,Normal Encryption,Off,Off,Off,Off,88.5,1,Off,Off,Off,Off,Off,Off,1,0,Off,0,0
,K6DJR (70cm),442.725,447.725,A-Analog,High,12.5K,Off,Off,Contact1,Group Call,My Radio,Off,Carrier,Off,1,1,1,Off,1,1,None,None,Off,Off,Off,Off,Normal Encryption,Off,Off,Off,Off,131.8,1,Off,Off,Off,Off,Off,Off,1,0,Off,0,0
,KB6LED (2m),145.290,144.690,A-Analog,High,12.5K,131.8,88.5,Contact1,Group Call,My Radio,Off,Carrier,Off,1,1,1,Off,1,1,None,None,Off,Off,Off,Off,Normal Encryption,Off,Off,Off,Off,88.5,1,Off,Off,Off,Off,Off,Off,1,0,Off,0,0
,K6LNK (2m),146.850,146.250,A-Analog,High,12.5K,162.2,88.5,Contact1,Group Call,My Radio,Off,Carrier,Off,1,1,1,Off,1,1,None,None,Off,Off,Off,Off,Normal Encryption,Off,Off,Off,Off,88.5,1,Off,Off,Off,Off,Off,Off,1,0,Off,0,0
,N6QOP (70cm),443.050,448.050,A-Analog,High,12.5K,114.8,88.5,Contact1,Group Call,My Radio,Off,Carrier,Off,1,1,1,Off,1,1,None,None,Off,Off,Off,Off,Normal Encryption,Off,Off,Off,Off,88.5,1,Off,Off,Off,Off,Off,Off,1,0,Off,0,0
,WA6HAM (2m),145.490,144.890,A-Analog,High,12.5K,107.2,88.5,Contact1,Group Call,My Radio,Off,Carrier,Off,1,1,1,Off,1,1,None,None,Off,Off,Off,Off,Normal Encryption,Off,Off,Off,Off,88.5,1,Off,Off,Off,Off,Off,Off,1,0,Off,0,0
,KC6ULT (2m),146.805,146.205,A-Analog,High,12.5K,192.8,192.8,Contact1,Group Call,My Radio,Off,Carrier,Off,1,1,1,Off,1,1,None,None,Off,Off,Off,Off,Normal Encryption,Off,Off,Off,Off,192.8,1,Off,Off,Off,Off,Off,Off,1,0,Off,0,0
,WA6KQB (70cm),444.275,449.275,A-Analog,High,12.5K,82.5,88.5,Contact1,Group Call,My Radio,Off,Carrier,Off,1,1,1,Off,1,1,None,None,Off,Off,Off,Off,Normal Encryption,Off,Off,Off,Off,88.5,1,Off,Off,Off,Off,Off,Off,1,0,Off,0,0
,WA6KQB (2m),145.110,144.510,A-Analog,High,12.5K,82.5,88.5,Contact1,Group Call,My Radio,Off,Carrier,Off,1,1,1,Off,1,1,None,None,Off,Off,Off,Off,Normal Encryption,Off,Off,Off,Off,88.5,1,Off,Off,Off,Off,Off,Off,1,0,Off,0,0
,K6GWE (2m),146.700,146.100,A-Analog,High,12.5K,179.9,88.5,Contact1,Group Call,My Radio,Off,Carrier,Off,1,1,1,Off,1,1,None,None,Off,Off,Off,Off,Normal Encryption,Off,Off,Off,Off,88.5,1,Off,Off,Off,Off,Off,Off,1,0,Off,0,0
,K6GWE (70cm),443.250,448.250,A-Analog,High,12.5K,179.9,88.5,Contact1,Group Call,My Radio,Off,Carrier,Off,1,1,1,Off,1,1,None,None,Off,Off,Off,Off,Normal Encryption,Off,Off,Off,Off,88.5,1,Off,Off,Off,Off,Off,Off,1,0,Off,0,0
,AC6SO (70cm),440.025,445.025,A-Analog,High,12.5K,107.2,107.2,Contact1,Group Call,My Radio,Off,Carrier,Off,1,1,1,Off,1,1,None,None,Off,Off,Off,Off,Normal Encryption,Off,Off,Off,Off,107.2,1,Off,Off,Off,Off,Off,Off,1,0,Off,0,0
,K6KBL (70cm),443.375,448.375,A-Analog,High,12.5K,156.7,156.7,Contact1,Group Call,My Radio,Off,Carrier,Off,1,1,1,Off,1,1,None,None,Off,Off,Off,Off,Normal Encryption,Off,Off,Off,Off,156.7,1,Off,Off,Off,Off,Off,Off,1,0,Off,0,0
,W6RGG (70cm),444.200,449.200,A-Analog,High,12.5K,107.2,88.5,Contact1,Group Call,My Radio,Off,Carrier,Off,1,1,1,Off,1,1,None,None,Off,Off,Off,Off,Normal Encryption,Off,Off,Off,Off,88.5,1,Off,Off,Off,Off,Off,Off,1,0,Off,0,0
,W6RGG (2m),147.240,147.840,A-Analog,High,12.5K,107.2,88.5,Contact1,Group Call,My Radio,Off,Carrier,Off,1,1,1,Off,1,1,None,None,Off,Off,Off,Off,Normal Encryption,Off,Off,Off,Off,88.5,1,Off,Off,Off,Off,Off,Off,1,0,Off,0,0
,K6LNK (70cm),443.500,448.500,D-Digital,High,12.5K,Off,Off,Contact1,Group Call,My Radio,Off,Carrier,Off,1,1,1,Off,1,1,None,None,Off,Off,Off,Off,Normal Encryption,Off,Off,Off,Off,131.8,1,Off,Off,Off,Off,Off,Off,1,0,Off,0,0
,WA6HAM (70cm),440.625,445.625,A-Analog,High,12.5K,Off,Off,Contact1,Group Call,My Radio,Off,Carrier,Off,1,1,1,Off,1,1,None,None,Off,Off,Off,Off,Normal Encryption,Off,Off,Off,Off,131.8,1,Off,Off,Off,Off,Off,Off,1,0,Off,0,0
,KE6PTT (70cm),444.000,449.000,A-Analog,High,12.5K,100.0,88.5,Contact1,Group Call,My Radio,Off,Carrier,Off,1,1,1,Off,1,1,None,None,Off,Off,Off,Off,Normal Encryption,Off,Off,Off,Off,88.5,1,Off,Off,Off,Off,Off,Off,1,0,Off,0,0
,AA9VI (70cm),441.219,446.219,D-Digital,High,12.5K,Off,Off,Contact1,Group Call,My Radio,Off,Carrier,Off,1,1,1,Off,1,1,None,None,Off,Off,Off,Off,Normal Encryption,Off,Off,Off,Off,131.8,1,Off,Off,Off,Off,Off,Off,1,0,Off,0,0
,WA9VGI (70cm),442.975,447.975,D-Digital,High,12.5K,114.8,114.8,Contact1,Group Call,My Radio,Off,Carrier,Off,1,1,1,Off,1,1,None,None,Off,Off,Off,Off,Normal Encryption,Off,Off,Off,Off,114.8,1,Off,Off,Off,Off,Off,Off,1,0,Off,0,0
,KC9DTO (70cm),444.125,449.125,A-Analog,High,12.5K,156.7,156.7,Contact1,Group Call,My Radio,Off,Carrier,Off,1,1,1,Off,1,1,None,None,Off,Off,Off,Off,Normal Encryption,Off,Off,Off,Off,156.7,1,Off,Off,Off,Off,Off,Off,1,0,Off,0,0
,N9OZG (70cm),442.575,447.575,A-Analog,High,12.5K,131.8,88.5,Contact1,Group Call,My Radio,Off,Carrier,Off,1,1,1,Off,1,1,None,None,Off,Off,Off,Off,Normal Encryption,Off,Off,Off,Off,88.5,1,Off,Off,Off,Off,Off,Off,1,0,Off,0,0
,N9SHB (70cm),444.625,449.625,A-Analog,High,12.5K,110.9,110.9,Contact1,Group Call,My Radio,Off,Carrier,Off,1,1,1,Off,1,1,None,None,Off,Off,Off,Off,Normal Encryption,Off,Off,Off,Off,110.9,1,Off,Off,Off,Off,Off,Off,1,0,Off,0,0
,K9NBC (70cm),442.400,447.400,A-Analog,High,12.5K,114.8,114.8,Contact1,Group Call,My Radio,Off,Carrier,Off,1,1,1,Off,1,1,None,None,Off,Off,Off,Off,Normal Encryption,Off,Off,Off,Off,114.8,1,Off,Off,Off,Off,Off,Off,1,0,Off,0,0
,K9VO (70cm),443.925,448.925,D-Digital,High,12.5K,Off,Off,Contact1,Group Call,My Radio,Off,Carrier,Off,1,1,1,Off,1,1,None,None,Off,Off,Off,Off,Normal Encryption,Off,Off,Off,Off,131.8,1,Off,Off,Off,Off,Off,Off,1,0,Off,0,0
,WA9DZO (2m),146.850,146.250,A-Analog,High,12.5K,100.0,100.0,Contact1,Group Call,My Radio,Off,Carrier,Off,1,1,1,Off,1,1,None,None,Off,Off,Off,Off,Normal Encryption,Off,Off,Off,Off,100.0,1,Off,Off,Off,Off,Off,Off,1,0,Off,0,0
,W9SRO (2m),147.150,147.750,A-Analog,High,12.5K,107.2,107.2,Contact1,Group Call,My Radio,Off,Carrier,Off,1,1,1,Off,1,1,None,None,Off,Off,Off,Off,Normal Encryption,Off,Off,Off,Off,107.2,1,Off,Off,Off,Off,Off,Off,1,0,Off,0,0
,WA9ORC (2m),145.350,144.750,A-Analog,High,12.5K,88.5,88.5,Contact1,Group Call,My Radio,Off,Carrier,Off,1,1,1,Off,1,1,None,None,Off,Off,Off,Off,Normal Encryption,Off,Off,Off,Off,88.5,1,Off,Off,Off,Off,Off,Off,1,0,Off,0,0
,K9GFY (2m),146.880,146.280,A-Analog,High,12.5K,107.2,107.2,Contact1,Group Call,My Radio,Off,Carrier,Off,1,1,1,Off,1,1,None,None,Off,Off,Off,Off,Normal Encryption,Off,Off,Off,Off,107.2,1,Off,Off,Off,Off,Off,Off,1,0,Off,0,0
,WA9ORC (2m),146.760,146.160,A-Analog,High,12.5K,107.2,107.2,Contact1,Group Call,My Radio,Off,Carrier,Off,1,1,1,Off,1,1,None,None,Off,Off,Off,Off,Normal Encryption,Off,Off,Off,Off,107.2,1,Off,Off,Off,Off,Off,Off,1,0,Off,0,0
,WA9ORC (70cm),443.750,448.750,A-Analog,High,12.5K,114.8,114.8,Contact1,Group Call,My Radio,Off,Carrier,Off,1,1,1,Off,1,1,None,None,Off,Off,Off,Off,Normal Encryption,Off,Off,Off,Off,114.8,1,Off,Off,Off,Off,Off,Off,1,0,Off,0,0
,KD9PIN (70cm),444.375,449.375,A-Analog,High,12.5K,114.8,114.8,Contact1,Group Call,My Radio,Off,Carrier,Off,1,1,1,Off,1,1,None,None,Off,Off,Off,Off,Normal Encryption,Off,Off,Off,Off,114.8,1,Off,Off,Off,Off,Off,Off,1,0,Off,0,0
,W9BMK (70cm),443.825,448.825,A-Analog,High,12.5K,114.8,114.8,Contact1,Group Call,My Radio,Off,Carrier,Off,1,1,1,Off,1,1,None,None,Off,Off,Off,Off,Normal Encryption,Off,Off,Off,Off,114.8,1,Off,Off,Off,Off,Off,Off,1,0,Off,0,0
,NS9RC (70cm),442.725,447.725,A-Analog,High,12.5K,114.8,114.8,Contact1,Group Call,My Radio,Off,Carrier,Off,1,1,1,Off,1,1,None,None,Off,Off,Off,Off,Normal Encryption,Off,Off,Off,Off,114.8,1,Off,Off,Off,Off,Off,Off,1,0,Off,0,0
,KB9PTI (70cm),443.975,448.975,A-Analog,High,12.5K,114.8,114.8,Contact1,Group Call,My Radio,Off,Carrier,Off,1,1,1,Off,1,1,None,None,Off,Off,Off,Off,Normal Encryption,Off,Off,Off,Off,114.8,1,Off,Off,Off,Off,Off,Off,1,0,Off,0,0
,WA9HIR (70cm),444.150,449.150,A-Analog,High,12.5K,146.2,146.2,Contact1,Group Call,My Radio,Off,Carrier,Off,1,1,1,Off,1,1,None,None,Off,Off,Off,Off,Normal Encryption,Off,Off,Off,Off,146.2,1,Off,Off,Off,Off,Off,Off,1,0,Off,0,0
,K9QKW (2m),146.730,146.130,A-Analog,High,12.5K,107.2,88.5,Contact1,Group Call,My Radio,Off,Carrier,Off,1,1,1,Off,1,1,None,None,Off,Off,Off,Off,Normal Encryption,Off,Off,Off,Off,88.5,1,Off,Off,Off,Off,Off,Off,1,0,Off,0,0
,AC9CO (70cm),441.500,446.500,D-Digital,High,12.5K,Off,Off,Contact1,Group Call,My Radio,Off,Carrier,Off,1,1,1,Off,1,1,None,None,Off,Off,Off,Off,Normal Encryption,Off,Off,Off,Off,131.8,1,Off,Off,Off,Off,Off,Off,1,0,Off,0,0
,K9ONA (70cm),443.300,448.300,A-Analog,High,12.5K,114.8,114.8,Contact1,Group Call,My Radio,Off,Carrier,Off,1,1,1,Off,1,1,None,None,Off,Off,Off,Off,Normal Encryption,Off,Off,Off,Off,114.8,1,Off,Off,Off,Off,Off,Off,1,0,Off,0,0
,WB9AET (2m),146.670,146.070,A-Analog,High,12.5K,107.2,107.2,Contact1,Group Call,My Radio,Off,Carrier,Off,1,1,1,Off,1,1,None,None,Off,Off,Off,Off,Normal Encryption,Off,Off,Off,Off,107.2,1,Off,Off,Off,Off,Off,Off,1,0,Off,0,0
,W9FT (70cm),442.625,447.625,A-Analog,High,12.5K,114.8,114.8,Contact1,Group Call,My Radio,Off,Carrier,Off,1,1,1,Off,1,1,None,None,Off,Off,Off,Off,Normal Encryption,Off,Off,Off,Off,114.8,1,Off,Off,Off,Off,Off,Off,1,0,Off,0,0
,N9CWM (70cm),442.125,447.125,D-Digital,High,12.5K,Off,Off,Contact1,Group Call,My Radio,Off,Carrier,Off,1,1,1,Off,1,1,None,None,Off,Off,Off,Off,Normal Encryption,Off,Off,Off,Off,131.8,1,Off,Off,Off,Off,Off,Off,1,0,Off,0,0
,W9FO (2m),147.315,147.915,A-Analog,High,12.5K,107.2,107.2,Contact1,Group Call,My Radio,Off,Carrier,Off,1,1,1,Off,1,1,None,None,Off,Off,Off,Off,Normal Encryption,Off,Off,Off,Off,107.2,1,Off,Off,Off,Off,Off,Off,1,0,Off,0,0
,KB9NTX (70cm),442.450,447.450,D-Digital,High,12.5K,114.8,114.8,Contact1,Group Call,My Radio,Off,Carrier,Off,1,1,1,Off,1,1,None,None,Off,Off,Off,Off,Normal Encryption,Off,Off,Off,Off,114.8,1,Off,Off,Off,Off,Off,Off,1,0,Off,0,0
,KC9ZI (70cm),444.575,449.575,A-Analog,High,12.5K,114.8,114.8,Contact1,Group Call,My Radio,Off,Carrier,Off,1,1,1,Off,1,1,None,None,Off,Off,Off,Off,Normal Encryption,Off,Off,Off,Off,114.8,1,Off,Off,Off,Off,Off,Off,1,0,Off,0,0
,W9OAR (70cm),444.900,449.900,A-Analog,High,12.5K,114.8,88.5,Contact1,Group Call,My Radio,Off,Carrier,Off,1,1,1,Off,1,1,None,None,Off,Off,Off,Off,Normal Encryption,Off,Off,Off,Off,88.5,1,Off,Off,Off,Off,Off,Off,1,0,Off,0,0
,KD9EJE (70cm),440.500,445.500,A-Analog,High,12.5K,173.8,173.8,Contact1,Group Call,My Radio,Off,Carrier,Off,1,1,1,Off,1,1,None,None,Off,Off,Off,Off,Normal Encryption,Off,Off,Off,Off,173.8,1,Off,Off,Off,Off,Off,Off,1,0,Off,0,0
